Creature name,Avatar,TileX,TileZ,Biome,Food per Turn,Max Hunger,Water per Turn,Max Thirst,Reproduction Interval,Age,Lifespan,Courage,Intimidation,Perception,Reproduction,Size,Speed,Stealth,Territory,algae,fruit,grass,leaves,meat,nectar,pollen,sap,seeds,wood
Flawoutite,American_Badger,6,31,Tropical Rainforest,7.431766,759.1005,14.86353,759.1005,171.1876,1405,1471.669,111.2994,35.90112,76.58273,116.3221,126.5168,30.88555,32.64934,56.42659,-0.09999999,0.3,-0.09999999,0.3,0.4,0,1.490116E-08,1.490116E-08,1.490116E-08,0.1
Flawoutite,American_Badger,12,27,Tropical Rainforest,7.431766,759.1005,14.86353,759.1005,171.1876,1206,1471.669,111.2994,35.90112,76.58273,116.3221,126.5168,30.88555,32.64934,56.42659,-0.09999999,0.3,-0.09999999,0.3,0.4,0,1.490116E-08,1.490116E-08,1.490116E-08,0.1
Flawoutite,American_Badger,13,31,Tropical Rainforest,7.431766,759.1005,14.86353,759.1005,171.1876,1198,1471.669,111.2994,35.90112,76.58273,116.3221,126.5168,30.88555,32.64934,56.42659,-0.09999999,0.3,-0.09999999,0.3,0.4,0,1.490116E-08,1.490116E-08,1.490116E-08,0.1
Surtydile,American_Badger,11,28,Tropical Rainforest,6.68712,759.1005,13.37424,759.1005,100.6756,1126,967.7577,111.2994,35.90112,76.58273,104.0297,126.5168,27.82482,32.64934,76.74017,-0.09999999,0.3,-0.09999999,0.3,0.4,0,1.490116E-08,1.490116E-08,1.490116E-08,0.1
Flawoutite,American_Badger,11,33,Temperate Rainforest,7.431766,759.1005,14.86353,759.1005,171.1876,1020,1471.669,111.2994,35.90112,76.58273,116.3221,126.5168,30.88555,32.64934,56.42659,-0.09999999,0.3,-0.09999999,0.3,0.4,0,1.490116E-08,1.490116E-08,1.490116E-08,0.1
Glertudite,Red_River_Hog,55,24,Tropical Savanna,12.14456,974.0322,24.28912,974.0322,64.15846,1019,1020.559,299.9287,52.59955,74.43546,62.86602,162.3387,43.41476,15.91619,48.85268,0,-0.09999999,0,0.5,0.5,0,-0.09999999,0,0,0.1
Spaerdytite,American_Badger,9,29,Tropical Rainforest,6.68712,759.1005,13.37424,759.1005,74.02616,955,967.7577,111.2994,35.90112,76.58273,76.49245,126.5168,27.82482,32.64934,56.42659,-0.09999999,0.3,-0.09999999,0.3,0.4,0,1.490116E-08,1.490116E-08,1.490116E-08,0.1
Spaerdytite,American_Badger,15,30,Tropical Savanna,6.68712,759.1005,13.37424,759.1005,74.02616,941,967.7577,111.2994,35.90112,76.58273,76.49245,126.5168,27.82482,32.64934,56.42659,-0.09999999,0.3,-0.09999999,0.3,0.4,0,1.490116E-08,1.490116E-08,1.490116E-08,0.1
Spaerdytite,American_Badger,14,27,Tropical Rainforest,6.68712,759.1005,13.37424,759.1005,74.02616,932,967.7577,111.2994,35.90112,76.58273,76.49245,126.5168,27.82482,32.64934,56.42659,-0.09999999,0.3,-0.09999999,0.3,0.4,0,1.490116E-08,1.490116E-08,1.490116E-08,0.1
Flawoutite,American_Badger,13,26,Tropical Rainforest,7.431766,759.1005,14.86353,759.1005,171.1876,913,1471.669,111.2994,35.90112,76.58273,116.3221,126.5168,30.88555,32.64934,56.42659,-0.09999999,0.3,-0.09999999,0.3,0.4,0,1.490116E-08,1.490116E-08,1.490116E-08,0.1
Ceaggeedite,American_Badger,13,30,Tropical Rainforest,6.526622,759.1005,13.05324,759.1005,74.02616,911,967.7577,111.2994,33.38804,71.22194,76.49245,126.5168,27.82482,30.36388,56.42659,-0.09999999,0.3,-0.09999999,0.3,0.4,0,1.490116E-08,1.490116E-08,1.490116E-08,0.1
Flawoutite,American_Badger,10,30,Tropical Rainforest,7.431766,759.1005,14.86353,759.1005,171.1876,865,1471.669,111.2994,35.90112,76.58273,116.3221,126.5168,30.88555,32.64934,56.42659,-0.09999999,0.3,-0.09999999,0.3,0.4,0,1.490116E-08,1.490116E-08,1.490116E-08,0.1
Fleetudite,American_Badger,13,24,Tropical Rainforest,7.454816,797.0555,14.90963,797.0555,77.72746,858,1016.146,96.83045,35.90112,93.27776,76.49245,132.8426,27.82482,34.96744,59.24792,-0.09999999,0.3,-0.09999999,0.3,0.4,0,1.490116E-08,1.490116E-08,1.490116E-08,0.1
Spaerdytite,American_Badger,14,22,Tropical Rainforest,6.68712,759.1005,13.37424,759.1005,74.02616,852,967.7577,111.2994,35.90112,76.58273,76.49245,126.5168,27.82482,32.64934,56.42659,-0.09999999,0.3,-0.09999999,0.3,0.4,0,1.490116E-08,1.490116E-08,1.490116E-08,0.1
Spaerdytite,American_Badger,14,23,Tropical Rainforest,6.68712,759.1005,13.37424,759.1005,74.02616,833,967.7577,111.2994,35.90112,76.58273,76.49245,126.5168,27.82482,32.64934,56.42659,-0.09999999,0.3,-0.09999999,0.3,0.4,0,1.490116E-08,1.490116E-08,1.490116E-08,0.1
Caeggoucite,American_Badger,10,32,Tropical Rainforest,8.331948,759.1005,16.6639,759.1005,74.02616,815,967.7577,111.2994,50.62058,131.5216,76.49245,126.5168,27.82482,32.64934,56.42659,-0.09999999,0.3,-0.09999999,0.3,0.4,0,1.490116E-08,1.490116E-08,1.490116E-08,0.1
Flawoutite,American_Badger,14,29,Tropical Rainforest,7.431766,759.1005,14.86353,759.1005,171.1876,814,1471.669,111.2994,35.90112,76.58273,116.3221,126.5168,30.88555,32.64934,56.42659,-0.09999999,0.3,-0.09999999,0.3,0.4,0,1.490116E-08,1.490116E-08,1.490116E-08,0.1
Fleetudite,American_Badger,15,21,Tropical Rainforest,7.454816,797.0555,14.90963,797.0555,77.72746,798,1016.146,96.83045,35.90112,93.27776,76.49245,132.8426,27.82482,34.96744,59.24792,-0.09999999,0.3,-0.09999999,0.3,0.4,0,1.490116E-08,1.490116E-08,1.490116E-08,0.1
Weerkotite,Red_River_Hog,67,30,Tropical Rainforest,9.53387,736.8766,19.06774,736.8766,49.51287,779,779.7956,299.9287,40.90667,62.81609,63.49467,122.8128,43.41476,11.67972,49.34121,0,-0.09999999,0,0.5,0.5,0,-0.09999999,0,0,0.1
Tufeecite,American_Badger,10,28,Tropical Rainforest,5.718249,759.1005,11.4365,759.1005,74.02616,776,967.7577,111.2994,35.90112,76.58273,76.49245,126.5168,23.56762,39.5057,50.18299,-0.09999999,0.3,-0.09999999,0.3,0.4,0,1.490116E-08,1.490116E-08,1.490116E-08,0.1
Shupemug,Red_River_Hog,65,22,Tropical Rainforest,10.73083,846.9846,21.46166,846.9846,42.22743,747,772.075,299.9287,52.59955,74.43546,54.69344,141.1641,37.77084,13.84017,48.85268,0,0.2,0,0.3,0.3,0,-0.09999999,0.2,0,1.490116E-08
Pourgudact,Red_River_Hog,67,29,Tropical Rainforest,13.00073,736.8766,26.00146,736.8766,48.53727,745,772.0749,299.9287,52.59955,62.81609,62.86602,122.8128,43.41476,11.67972,38.10509,0,-0.09999999,0.1,0.5,0.1,0.1,1.490116E-08,0,0,0.2
Shupemug,Red_River_Hog,71,16,Tropical Rainforest,10.73083,846.9846,21.46166,846.9846,42.22743,740,772.075,299.9287,52.59955,74.43546,54.69344,141.1641,37.77084,13.84017,48.85268,0,0.2,0,0.3,0.3,0,-0.09999999,0.2,0,1.490116E-08
Clerfaemite,Red_River_Hog,70,21,Tropical Rainforest,10.936,846.9846,21.872,846.9846,43.0762,732,779.7957,302.928,52.59955,74.43546,55.24037,141.1641,43.41476,13.84017,48.85268,0,-0.09999999,0,0.5,0.5,0,-0.09999999,0,0,0.1
Fleetudite,American_Badger,16,21,Tropical Rainforest,7.454816,797.0555,14.90963,797.0555,77.72746,731,1016.146,96.83045,35.90112,93.27776,76.49245,132.8426,27.82482,34.96744,59.24792,-0.09999999,0.3,-0.09999999,0.3,0.4,0,1.490116E-08,1.490116E-08,1.490116E-08,0.1
Chaeggeadile,American_Badger,10,32,Tropical Rainforest,6.886338,759.1005,13.77268,759.1005,74.02616,724,967.7577,111.2994,36.97815,76.58273,76.49245,126.5168,28.65956,32.64934,56.42659,-0.09999999,0.3,-0.09999999,0.3,0.4,0,1.490116E-08,1.490116E-08,1.490116E-08,0.1
Chiwoumite,Red_River_Hog,71,28,Tropical Rainforest,10.27305,779.2258,20.54609,779.2258,43.44298,723,751.1313,299.9287,48.39159,74.43546,57.83673,129.871,43.41476,13.84017,48.85268,0,-0.09999999,0,0.5,0.5,0,-0.09999999,0,0,0.1
Shupemug,Red_River_Hog,65,21,Tropical Rainforest,10.73083,846.9846,21.46166,846.9846,42.22743,714,772.075,299.9287,52.59955,74.43546,54.69344,141.1641,37.77084,13.84017,48.85268,0,0.2,0,0.3,0.3,0,-0.09999999,0.2,0,1.490116E-08
Sirpamug,American_Badger,13,22,Tropical Rainforest,7.997221,759.1005,15.99444,759.1005,74.02616,713,967.7577,132.4463,35.90112,76.58273,76.49245,126.5168,33.11153,38.85271,56.42659,-0.09999999,0.3,-0.09999999,0.3,0.4,0,1.490116E-08,1.490116E-08,1.490116E-08,0.1
Caeggoucite,American_Badger,9,29,Tropical Rainforest,8.331948,759.1005,16.6639,759.1005,74.02616,712,967.7577,111.2994,50.62058,131.5216,76.49245,126.5168,27.82482,32.64934,56.42659,-0.09999999,0.3,-0.09999999,0.3,0.4,0,1.490116E-08,1.490116E-08,1.490116E-08,0.1
Shupemug,Red_River_Hog,73,16,Tropical Rainforest,10.73083,846.9846,21.46166,846.9846,42.22743,711,772.075,299.9287,52.59955,74.43546,54.69344,141.1641,37.77084,13.84017,48.85268,0,0.2,0,0.3,0.3,0,-0.09999999,0.2,0,1.490116E-08
Clerfaemite,Red_River_Hog,66,31,Tropical Rainforest,10.936,846.9846,21.872,846.9846,43.0762,709,779.7957,302.928,52.59955,74.43546,55.24037,141.1641,43.41476,13.84017,48.85268,0,-0.09999999,0,0.5,0.5,0,-0.09999999,0,0,0.1
Spaerdytite,American_Badger,15,22,Tropical Rainforest,6.68712,759.1005,13.37424,759.1005,74.02616,706,967.7577,111.2994,35.90112,76.58273,76.49245,126.5168,27.82482,32.64934,56.42659,-0.09999999,0.3,-0.09999999,0.3,0.4,0,1.490116E-08,1.490116E-08,1.490116E-08,0.1
Shupemug,Red_River_Hog,67,21,Tropical Rainforest,10.73083,846.9846,21.46166,846.9846,42.22743,705,772.075,299.9287,52.59955,74.43546,54.69344,141.1641,37.77084,13.84017,48.85268,0,0.2,0,0.3,0.3,0,-0.09999999,0.2,0,1.490116E-08
Spaerdytite,American_Badger,15,26,Tropical Rainforest,6.68712,759.1005,13.37424,759.1005,74.02616,696,967.7577,111.2994,35.90112,76.58273,76.49245,126.5168,27.82482,32.64934,56.42659,-0.09999999,0.3,-0.09999999,0.3,0.4,0,1.490116E-08,1.490116E-08,1.490116E-08,0.1
Chiwoumite,Red_River_Hog,73,31,Tropical Rainforest,10.27305,779.2258,20.54609,779.2258,43.44298,693,751.1313,299.9287,48.39159,74.43546,57.83673,129.871,43.41476,13.84017,48.85268,0,-0.09999999,0,0.5,0.5,0,-0.09999999,0,0,0.1
Fleetudite,American_Badger,14,25,Tropical Rainforest,7.454816,797.0555,14.90963,797.0555,77.72746,673,1016.146,96.83045,35.90112,93.27776,76.49245,132.8426,27.82482,34.96744,59.24792,-0.09999999,0.3,-0.09999999,0.3,0.4,0,1.490116E-08,1.490116E-08,1.490116E-08,0.1
Fleetudite,American_Badger,6,32,Tropical Rainforest,7.454816,797.0555,14.90963,797.0555,77.72746,652,1016.146,96.83045,35.90112,93.27776,76.49245,132.8426,27.82482,34.96744,59.24792,-0.09999999,0.3,-0.09999999,0.3,0.4,0,1.490116E-08,1.490116E-08,1.490116E-08,0.1
Shupemug,Red_River_Hog,73,16,Tropical Rainforest,10.73083,846.9846,21.46166,846.9846,42.22743,634,772.075,299.9287,52.59955,74.43546,54.69344,141.1641,37.77084,13.84017,48.85268,0,0.2,0,0.3,0.3,0,-0.09999999,0.2,0,1.490116E-08
Bloobeemite,Red_River_Hog,9,17,Tropical Rainforest,7.308827,772.8245,14.61765,772.8245,30.43353,614,626.0961,98.32845,73.84624,65.77554,48.60841,128.8041,22.43572,22.12591,34.98695,0,-0.09999999,0.2,0.4,1.490116E-08,0.1,0.2,0,0,0.1
Clerfaemite,Red_River_Hog,72,19,Tropical Rainforest,10.936,846.9846,21.872,846.9846,43.0762,610,779.7957,302.928,52.59955,74.43546,55.24037,141.1641,43.41476,13.84017,48.85268,0,-0.09999999,0,0.5,0.5,0,-0.09999999,0,0,0.1
Flawoutite,American_Badger,13,26,Tropical Rainforest,7.431766,759.1005,14.86353,759.1005,171.1876,605,1471.669,111.2994,35.90112,76.58273,116.3221,126.5168,30.88555,32.64934,56.42659,-0.09999999,0.3,-0.09999999,0.3,0.4,0,1.490116E-08,1.490116E-08,1.490116E-08,0.1
Coosamite,Red_River_Hog,4,19,Tropical Rainforest,9.26295,772.8245,18.5259,772.8245,30.43353,602,626.0961,104.2281,78.27701,65.77554,48.60841,128.8041,36.18665,22.12591,59.8164,0,1.490116E-08,0.2,0.3,0.3,0,0.1,0,0,0
Syrtadite,Red_River_Hog,7,22,Tropical Rainforest,12.1039,989.2153,24.20781,989.2153,38.95492,592,801.403,99.31173,95.46841,66.4333,48.60841,164.8692,36.18665,22.12591,56.43057,0,-0.09999999,0.2,0.2,0.2,0.1,1.490116E-08,0.1,0.1,0.1
Weerkotite,Red_River_Hog,66,30,Tropical Rainforest,9.53387,736.8766,19.06774,736.8766,49.51287,578,779.7956,299.9287,40.90667,62.81609,63.49467,122.8128,43.41476,11.67972,49.34121,0,-0.09999999,0,0.5,0.5,0,-0.09999999,0,0,0.1
Shupemug,Red_River_Hog,64,24,Tropical Rainforest,10.73083,846.9846,21.46166,846.9846,42.22743,569,772.075,299.9287,52.59955,74.43546,54.69344,141.1641,37.77084,13.84017,48.85268,0,0.2,0,0.3,0.3,0,-0.09999999,0.2,0,1.490116E-08
Spapatite,Red_River_Hog,7,18,Tropical Rainforest,10.03486,772.8245,20.06972,772.8245,25.20201,567,569.7474,98.32845,73.84624,65.77554,44.23365,128.8041,36.18665,22.12591,56.43057,0.2,1.490116E-08,0.3,0.1,0.2,0.1,-0.09999999,0.1,0,0
Bluveemug,Red_River_Hog,6,20,Tropical Rainforest,9.26295,772.8245,18.5259,772.8245,30.43353,562,626.0961,58.01378,73.84624,65.77554,48.60841,128.8041,36.18665,22.12591,20.6423,0,1.490116E-08,0.2,0.3,0.3,0,0.1,0,0,0
Weerkotite,Red_River_Hog,67,32,Tropical Rainforest,9.53387,736.8766,19.06774,736.8766,49.51287,560,779.7956,299.9287,40.90667,62.81609,63.49467,122.8128,43.41476,11.67972,49.34121,0,-0.09999999,0,0.5,0.5,0,-0.09999999,0,0,0.1
Shupemug,Red_River_Hog,72,16,Tropical Rainforest,10.73083,846.9846,21.46166,846.9846,42.22743,559,772.075,299.9287,52.59955,74.43546,54.69344,141.1641,37.77084,13.84017,48.85268,0,0.2,0,0.3,0.3,0,-0.09999999,0.2,0,1.490116E-08
Surtydile,American_Badger,12,30,Tropical Rainforest,6.68712,759.1005,13.37424,759.1005,136.9188,547,1316.151,111.2994,35.90112,76.58273,104.0297,126.5168,27.82482,32.64934,76.74017,-0.09999999,0.3,-0.09999999,0.3,0.4,0,1.490116E-08,1.490116E-08,1.490116E-08,0.1
Clerfaemite,Red_River_Hog,68,23,Tropical Rainforest,10.936,846.9846,21.872,846.9846,43.0762,540,779.7957,302.928,52.59955,74.43546,55.24037,141.1641,43.41476,13.84017,48.85268,0,-0.09999999,0,0.5,0.5,0,-0.09999999,0,0,0.1
Clerfaemite,Red_River_Hog,70,18,Tropical Rainforest,10.936,846.9846,21.872,846.9846,43.0762,538,779.7957,302.928,52.59955,74.43546,55.24037,141.1641,43.41476,13.84017,48.85268,0,-0.09999999,0,0.5,0.5,0,-0.09999999,0,0,0.1
Shupemug,Red_River_Hog,69,23,Tropical Rainforest,10.73083,846.9846,21.46166,846.9846,42.22743,537,772.075,299.9287,52.59955,74.43546,54.69344,141.1641,37.77084,13.84017,48.85268,0,0.2,0,0.3,0.3,0,-0.09999999,0.2,0,1.490116E-08
Fleetudite,American_Badger,14,22,Tropical Rainforest,7.454816,797.0555,14.90963,797.0555,77.72746,536,1016.146,96.83045,35.90112,93.27776,76.49245,132.8426,27.82482,34.96744,59.24792,-0.09999999,0.3,-0.09999999,0.3,0.4,0,1.490116E-08,1.490116E-08,1.490116E-08,0.1
Shupemug,Red_River_Hog,71,19,Tropical Rainforest,10.73083,846.9846,21.46166,846.9846,42.22743,535,772.075,299.9287,52.59955,74.43546,54.69344,141.1641,37.77084,13.84017,48.85268,0,0.2,0,0.3,0.3,0,-0.09999999,0.2,0,1.490116E-08
Thoozomite,American_Badger,72,32,Tropical Rainforest,10.27305,779.2258,20.54609,779.2258,56.4585,533,856.2897,341.9188,48.39159,74.43546,65.93388,129.871,43.41476,13.84017,48.85268,0,-0.09999999,0,0.5,0.5,0,-0.09999999,0,0,0.1
Cloozymug,Red_River_Hog,5,21,Tropical Rainforest,7.418188,788.2809,14.83638,788.2809,31.0422,533,626.0961,100.295,73.84624,65.77554,49.58057,131.3802,22.43572,22.12591,34.98695,0,-0.09999999,0.2,0.4,1.490116E-08,0.1,0.2,0,0,0.1
Bluveemug,Red_River_Hog,6,21,Tropical Rainforest,9.26295,772.8245,18.5259,772.8245,30.43353,527,626.0961,58.01378,73.84624,65.77554,48.60841,128.8041,36.18665,22.12591,20.6423,0,1.490116E-08,0.2,0.3,0.3,0,0.1,0,0,0
Surtimite,Red_River_Hog,8,23,Tropical Rainforest,10.94712,772.8245,21.89425,772.8245,62.23353,527,895.3174,140.6097,73.84624,65.77554,69.51002,128.8041,36.18665,22.12591,56.43057,0.1,0.1,0.4,0.1,0.1,0,-0.09999999,0,0.1,0.1
Shupemug,Red_River_Hog,71,16,Tropical Rainforest,10.73083,846.9846,21.46166,846.9846,42.22743,520,772.075,299.9287,52.59955,74.43546,54.69344,141.1641,37.77084,13.84017,48.85268,0,0.2,0,0.3,0.3,0,-0.09999999,0.2,0,1.490116E-08
Spourdeamug,American_Badger,15,27,Tropical Savanna,4.60729,759.1005,9.21458,759.1005,171.1876,509,1471.669,85.70052,35.90112,76.58273,116.3221,126.5168,18.14707,30.41939,56.42659,-0.09999999,0.3,-0.09999999,0.3,0.4,0,1.490116E-08,1.490116E-08,1.490116E-08,0.1
Pourgudact,Red_River_Hog,67,29,Tropical Rainforest,13.00073,736.8766,26.00146,736.8766,48.53727,501,772.0749,299.9287,52.59955,62.81609,62.86602,122.8128,43.41476,11.67972,38.10509,0,-0.09999999,0.1,0.5,0.1,0.1,1.490116E-08,0,0,0.2
Shupemug,Red_River_Hog,69,20,Tropical Rainforest,10.73083,846.9846,21.46166,846.9846,42.22743,499,772.075,299.9287,52.59955,74.43546,54.69344,141.1641,37.77084,13.84017,48.85268,0,0.2,0,0.3,0.3,0,-0.09999999,0.2,0,1.490116E-08
Weketite,Red_River_Hog,60,21,Tropical Rainforest,10.936,846.9846,21.872,846.9846,55.78997,499,887.4424,299.9287,52.59955,74.43546,62.86602,141.1641,43.41476,13.84017,48.85268,0,-0.09999999,0,0.5,0.5,0,-0.09999999,0,0,0.1
Treabeatite,American_Badger,65,31,Tropical Rainforest,10.34619,655.8201,20.69238,655.8201,43.19817,498,687.1466,299.9287,46.8136,62.81609,62.86602,109.3034,38.63914,11.67972,38.10509,0,-0.09999999,0.1,0.5,0.1,0.1,1.490116E-08,0,0,0.2
Sourpeasaur,Red_River_Hog,72,31,Tropical Rainforest,10.27305,779.2258,20.54609,779.2258,43.44298,490,751.1313,428.8981,69.19997,74.43546,57.83673,129.871,43.41476,13.84017,48.85268,0,-0.09999999,0.2,0.3,0.5,0,1.490116E-08,0,0,1.490116E-08
Purpydact,American_Badger,66,23,Tropical Rainforest,8.27933,584.4193,16.55866,584.4193,29.72257,479,538.059,302.928,36.29369,74.43546,55.24037,97.40322,43.41476,9.549717,48.85268,0,-0.09999999,0,0.5,0.5,0,-0.09999999,0,0,0.1
Maeglydact,Red_River_Hog,8,18,Tropical Rainforest,9.26295,772.8245,18.5259,772.8245,30.43353,472,626.0961,69.81319,73.84624,65.77554,48.60841,128.8041,36.18665,15.7094,40.0657,0,1.490116E-08,0.2,0.3,0.3,0,0.1,0,0,0
Flawoutite,American_Badger,8,33,Tropical Rainforest,7.431766,759.1005,14.86353,759.1005,171.1876,470,1471.669,111.2994,35.90112,76.58273,116.3221,126.5168,30.88555,32.64934,56.42659,-0.09999999,0.3,-0.09999999,0.3,0.4,0,1.490116E-08,1.490116E-08,1.490116E-08,0.1
Weketite,Red_River_Hog,59,23,Tropical Rainforest,10.936,846.9846,21.872,846.9846,55.78997,467,887.4424,299.9287,52.59955,74.43546,62.86602,141.1641,43.41476,13.84017,48.85268,0,-0.09999999,0,0.5,0.5,0,-0.09999999,0,0,0.1
Flouspedile,American_Badger,15,30,Tropical Savanna,6.502795,759.1005,13.00559,759.1005,171.1876,458,1471.669,111.2994,35.90112,76.58273,116.3221,126.5168,30.88555,42.11765,72.79031,1.490116E-08,0.2,-0.09999999,0.3,0.6,0,-0.09999999,1.490116E-08,-0.09999999,0.1
Clerfaemite,Red_River_Hog,67,23,Tropical Rainforest,10.936,846.9846,21.872,846.9846,43.0762,458,779.7957,302.928,52.59955,74.43546,55.24037,141.1641,43.41476,13.84017,48.85268,0,-0.09999999,0,0.5,0.5,0,-0.09999999,0,0,0.1
Thossoumug,Red_River_Hog,61,26,Tropical Rainforest,11.62507,846.9846,23.25014,846.9846,47.22063,449,816.447,275.9344,52.59955,74.43546,57.83673,141.1641,37.77084,13.84017,48.85268,0.1,0.1,0,0.3,0.2,0.2,-0.09999999,0.1,0.1,-0.09999999
Fleetudite,American_Badger,14,22,Tropical Rainforest,7.454816,797.0555,14.90963,797.0555,77.72746,446,1016.146,96.83045,35.90112,93.27776,76.49245,132.8426,27.82482,34.96744,59.24792,-0.09999999,0.3,-0.09999999,0.3,0.4,0,1.490116E-08,1.490116E-08,1.490116E-08,0.1
Wetydite,Red_River_Hog,71,29,Tropical Rainforest,10.27305,779.2258,20.54609,779.2258,43.44298,446,751.1313,299.9287,56.61816,74.43546,57.83673,129.871,43.41476,16.193,48.85268,0,-0.09999999,0,0.5,0.5,0,-0.09999999,0,0,0.1
Thaggeadact,American_Badger,12,23,Tropical Rainforest,6.68712,759.1005,13.37424,759.1005,102.1561,443,967.7577,153.5931,49.54354,76.58273,105.5596,126.5168,27.82482,32.64934,56.42659,-0.09999999,0.3,-0.09999999,0.3,0.4,0,1.490116E-08,1.490116E-08,1.490116E-08,0.1
Gladysaur,Red_River_Hog,6,24,Tropical Rainforest,9.26295,772.8245,18.5259,772.8245,30.43353,442,626.0961,111.1111,73.84624,65.77554,48.60841,128.8041,36.18665,29.2062,63.76655,0,1.490116E-08,0.2,0.3,0.3,0,0.1,0,0,0
Perticite,Red_River_Hog,4,22,Tropical Rainforest,11.85797,1074.226,23.71594,1074.226,30.43353,442,626.0961,136.6765,78.27701,65.77554,48.60841,179.0377,36.18665,30.75501,59.8164,0,1.490116E-08,0.2,0.3,0.3,0,0.1,0,0,0
Fleetudite,American_Badger,14,23,Tropical Rainforest,7.454816,797.0555,14.90963,797.0555,77.72746,439,1016.146,96.83045,35.90112,93.27776,76.49245,132.8426,27.82482,34.96744,59.24792,-0.09999999,0.3,-0.09999999,0.3,0.4,0,1.490116E-08,1.490116E-08,1.490116E-08,0.1
Coosamite,Red_River_Hog,7,22,Tropical Rainforest,9.26295,772.8245,18.5259,772.8245,30.43353,436,626.0961,104.2281,78.27701,65.77554,48.60841,128.8041,36.18665,22.12591,59.8164,0,1.490116E-08,0.2,0.3,0.3,0,0.1,0,0,0
Floospumug,Red_River_Hog,9,20,Tropical Rainforest,9.26295,772.8245,18.5259,772.8245,30.43353,430,626.0961,98.32845,73.84624,65.77554,48.60841,128.8041,36.18665,22.12591,56.43057,0,1.490116E-08,0.2,0.3,0.3,0,0.1,0,0,0
Tiweesaur,Red_River_Hog,72,31,Tropical Rainforest,10.4735,787.0181,20.947,787.0181,43.87741,429,751.1313,299.9287,48.39159,74.43546,58.4151,131.1697,43.84891,13.84017,48.85268,0,-0.09999999,0,0.5,0.5,0,-0.09999999,0,0,0.1
Tordutite,Red_River_Hog,59,21,Tropical Rainforest,10.73083,846.9846,21.46166,846.9846,42.22743,420,772.075,320.9238,56.28152,74.43546,54.69344,141.1641,37.77084,13.84017,48.85268,0,0.2,0,0.3,0.3,0,-0.09999999,0.2,0,1.490116E-08
Clerfaemite,Red_River_Hog,66,22,Tropical Rainforest,10.936,846.9846,21.872,846.9846,43.0762,420,779.7957,302.928,52.59955,74.43546,55.24037,141.1641,43.41476,13.84017,48.85268,0,-0.09999999,0,0.5,0.5,0,-0.09999999,0,0,0.1
Bloobeemite,Red_River_Hog,8,18,Tropical Rainforest,7.308827,772.8245,14.61765,772.8245,30.43353,403,626.0961,98.32845,73.84624,65.77554,48.60841,128.8041,22.43572,22.12591,34.98695,0,-0.09999999,0.2,0.4,1.490116E-08,0.1,0.2,0,0,0.1
Chiwoumite,Red_River_Hog,71,33,Tropical Rainforest,10.27305,779.2258,20.54609,779.2258,43.44298,401,751.1313,299.9287,48.39159,74.43546,57.83673,129.871,43.41476,13.84017,48.85268,0,-0.09999999,0,0.5,0.5,0,-0.09999999,0,0,0.1
Shupemug,Red_River_Hog,69,21,Tropical Rainforest,10.73083,846.9846,21.46166,846.9846,42.22743,400,772.075,299.9287,52.59955,74.43546,54.69344,141.1641,37.77084,13.84017,48.85268,0,0.2,0,0.3,0.3,0,-0.09999999,0.2,0,1.490116E-08
Shupemug,Red_River_Hog,63,19,Tropical Rainforest,10.73083,846.9846,21.46166,846.9846,42.22743,399,772.075,299.9287,52.59955,74.43546,54.69344,141.1641,37.77084,13.84017,48.85268,0,0.2,0,0.3,0.3,0,-0.09999999,0.2,0,1.490116E-08
Caeggoucite,American_Badger,13,29,Tropical Rainforest,8.331948,759.1005,16.6639,759.1005,74.02616,399,967.7577,111.2994,50.62058,131.5216,76.49245,126.5168,27.82482,32.64934,56.42659,-0.09999999,0.3,-0.09999999,0.3,0.4,0,1.490116E-08,1.490116E-08,1.490116E-08,0.1
Pourgudact,Red_River_Hog,68,29,Tropical Rainforest,13.00073,736.8766,26.00146,736.8766,48.53727,396,772.0749,299.9287,52.59955,62.81609,62.86602,122.8128,43.41476,11.67972,38.10509,0,-0.09999999,0.1,0.5,0.1,0.1,1.490116E-08,0,0,0.2
Bloobeemite,Red_River_Hog,9,17,Tropical Rainforest,7.308827,772.8245,14.61765,772.8245,30.43353,396,626.0961,98.32845,73.84624,65.77554,48.60841,128.8041,22.43572,22.12591,34.98695,0,-0.09999999,0.2,0.4,1.490116E-08,0.1,0.2,0,0,0.1
Trouggaemite,Red_River_Hog,61,23,Tropical Rainforest,10.75689,846.9846,21.51377,846.9846,42.22743,396,772.075,302.928,52.59955,75.17982,54.69344,141.1641,37.77084,13.84017,48.85268,0,0.2,0,0.3,0.3,0,-0.09999999,0.2,0,1.490116E-08
Mosymite,Red_River_Hog,72,20,Tropical Rainforest,10.936,846.9846,21.872,846.9846,43.0762,388,779.7957,302.928,59.83199,74.43546,55.24037,141.1641,43.41476,12.59455,48.85268,0,-0.09999999,0,0.5,0.5,0,-0.09999999,0,0,0.1
Choukaedact,European_Badger,74,29,Tropical Rainforest,9.126524,779.2258,18.25305,779.2258,43.44298,379,751.1313,395.9059,48.39159,98.25481,57.83673,129.871,43.41476,13.84017,48.85268,0,-0.09999999,0,0.3,0.8000001,0,-0.09999999,0,0,1.490116E-08
Clurpadite,Red_River_Hog,74,33,Tropical Rainforest,6.793486,779.2258,13.58697,779.2258,43.44298,366,751.1313,206.9508,48.39159,74.43546,57.83673,129.871,29.95618,9.549717,48.85268,0,-0.09999999,0,0.5,0.5,0,-0.09999999,0,0,0.1
Shupemug,Red_River_Hog,73,14,Tropical Savanna,10.73083,846.9846,21.46166,846.9846,42.22743,364,772.075,299.9287,52.59955,74.43546,54.69344,141.1641,37.77084,13.84017,48.85268,0,0.2,0,0.3,0.3,0,-0.09999999,0.2,0,1.490116E-08
Treargudite,European_Badger,71,19,Tropical Rainforest,11.43431,846.9846,22.86862,846.9846,53.62884,362,772.075,299.9287,52.59955,94.53304,69.46066,141.1641,37.77084,13.84017,48.85268,0,0.2,0,0.3,0.3,0,-0.09999999,0.2,0,1.490116E-08
Pourgudact,Red_River_Hog,67,29,Tropical Rainforest,13.00073,736.8766,26.00146,736.8766,48.53727,361,772.0749,299.9287,52.59955,62.81609,62.86602,122.8128,43.41476,11.67972,38.10509,0,-0.09999999,0.1,0.5,0.1,0.1,1.490116E-08,0,0,0.2
Purpydact,American_Badger,64,23,Tropical Rainforest,8.27933,584.4193,16.55866,584.4193,29.72257,358,538.059,302.928,36.29369,74.43546,55.24037,97.40322,43.41476,9.549717,48.85268,0,-0.09999999,0,0.5,0.5,0,-0.09999999,0,0,0.1
Shupemug,Red_River_Hog,68,30,Tropical Rainforest,10.73083,846.9846,21.46166,846.9846,42.22743,357,772.075,299.9287,52.59955,74.43546,54.69344,141.1641,37.77084,13.84017,48.85268,0,0.2,0,0.3,0.3,0,-0.09999999,0.2,0,1.490116E-08
Shoxoudact,Red_River_Hog,72,17,Tropical Rainforest,9.964344,846.9846,19.92869,846.9846,42.22743,353,772.075,299.9287,45.23561,74.43546,54.69344,141.1641,37.77084,13.84017,42.01331,0,0.1,0.1,1.490116E-08,0.4,0,0.1,0.2,0.1,-0.09999999
Flawoutite,American_Badger,15,23,Tropical Rainforest,7.431766,759.1005,14.86353,759.1005,171.1876,347,1471.669,111.2994,35.90112,76.58273,116.3221,126.5168,30.88555,32.64934,56.42659,-0.09999999,0.3,-0.09999999,0.3,0.4,0,1.490116E-08,1.490116E-08,1.490116E-08,0.1
Sourpeasaur,Red_River_Hog,73,31,Tropical Rainforest,10.27305,779.2258,20.54609,779.2258,43.44298,344,751.1313,428.8981,69.19997,74.43546,57.83673,129.871,43.41476,13.84017,48.85268,0,-0.09999999,0.2,0.3,0.5,0,1.490116E-08,0,0,1.490116E-08
Glaerpoodile,Red_River_Hog,8,18,Tropical Rainforest,10.05815,772.8245,20.1163,772.8245,25.20201,336,569.7474,98.32845,74.5847,66.4333,44.23365,128.8041,36.18665,22.34717,56.43057,0.2,1.490116E-08,0.3,0.1,0.2,0.1,-0.09999999,0.1,0,0
Thoozomite,American_Badger,72,30,Tropical Rainforest,10.27305,779.2258,20.54609,779.2258,56.4585,334,856.2897,341.9188,48.39159,74.43546,65.93388,129.871,43.41476,13.84017,48.85268,0,-0.09999999,0,0.5,0.5,0,-0.09999999,0,0,0.1
Clerfaemite,Red_River_Hog,73,17,Tropical Rainforest,10.936,846.9846,21.872,846.9846,43.0762,333,779.7957,302.928,52.59955,74.43546,55.24037,141.1641,43.41476,13.84017,48.85268,0,-0.09999999,0,0.5,0.5,0,-0.09999999,0,0,0.1
Shupemug,Red_River_Hog,63,20,Tropical Rainforest,10.73083,846.9846,21.46166,846.9846,42.22743,329,772.075,299.9287,52.59955,74.43546,54.69344,141.1641,37.77084,13.84017,48.85268,0,0.2,0,0.3,0.3,0,-0.09999999,0.2,0,1.490116E-08
Shupemug,Red_River_Hog,70,24,Tropical Rainforest,10.73083,846.9846,21.46166,846.9846,42.22743,329,772.075,299.9287,52.59955,74.43546,54.69344,141.1641,37.77084,13.84017,48.85268,0,0.2,0,0.3,0.3,0,-0.09999999,0.2,0,1.490116E-08
Clerfaemite,Red_River_Hog,71,18,Tropical Rainforest,10.936,846.9846,21.872,846.9846,43.0762,328,779.7957,302.928,52.59955,74.43546,55.24037,141.1641,43.41476,13.84017,48.85268,0,-0.09999999,0,0.5,0.5,0,-0.09999999,0,0,0.1
Flawoutite,American_Badger,8,32,Tropical Rainforest,7.431766,759.1005,14.86353,759.1005,171.1876,327,1471.669,111.2994,35.90112,76.58273,116.3221,126.5168,30.88555,32.64934,56.42659,-0.09999999,0.3,-0.09999999,0.3,0.4,0,1.490116E-08,1.490116E-08,1.490116E-08,0.1
Glyfadile,Pygmy_Hog,4,25,Tropical Rainforest,6.349984,438.4233,12.69997,438.4233,30.43353,326,626.0961,98.32845,89.35395,79.58841,48.60841,73.07056,36.18665,22.12591,32.01307,0,1.490116E-08,0.2,0.3,0.3,0,0.1,0,0,0
Maeglydact,Red_River_Hog,8,18,Tropical Rainforest,9.26295,772.8245,18.5259,772.8245,30.43353,325,626.0961,69.81319,73.84624,65.77554,48.60841,128.8041,36.18665,15.7094,40.0657,0,1.490116E-08,0.2,0.3,0.3,0,0.1,0,0,0
Blaergotite,Pygmy_Hog,73,32,Tropical Rainforest,7.242233,493.7073,14.48447,493.7073,27.52491,324,475.907,299.9287,48.39159,71.80426,57.83673,82.28455,43.41476,7.825413,48.85268,0,-0.09999999,0,0.5,0.5,0,-0.09999999,0,0,0.1
Bloowoosaur,Red_River_Hog,66,23,Tropical Rainforest,12.53321,1041.791,25.06641,1041.791,51.93974,324,772.075,368.9124,52.59955,74.43546,67.27293,173.6318,37.77084,13.84017,48.85268,0,0.2,0,0.3,0.3,0,-0.09999999,0.2,0,1.490116E-08
Surtydile,American_Badger,12,29,Tropical Rainforest,6.68712,759.1005,13.37424,759.1005,136.9188,316,1316.151,111.2994,35.90112,76.58273,104.0297,126.5168,27.82482,32.64934,76.74017,-0.09999999,0.3,-0.09999999,0.3,0.4,0,1.490116E-08,1.490116E-08,1.490116E-08,0.1
Ceapydile,American_Badger,5,19,Tropical Rainforest,10.2087,772.8245,20.41741,772.8245,30.43353,304,626.0961,141.593,73.84624,94.71679,48.60841,128.8041,36.18665,22.12591,56.43057,0,1.490116E-08,0.2,0.3,0.3,0,0.1,0,0,0
Caeggoucite,American_Badger,11,32,Tropical Rainforest,8.331948,759.1005,16.6639,759.1005,74.02616,293,967.7577,111.2994,50.62058,131.5216,76.49245,126.5168,27.82482,32.64934,56.42659,-0.09999999,0.3,-0.09999999,0.3,0.4,0,1.490116E-08,1.490116E-08,1.490116E-08,0.1
Choorpeetite,Red_River_Hog,16,30,Tropical Savanna,4.053602,759.1005,8.107204,759.1005,74.02616,292,967.7577,111.2994,35.90112,45.94964,76.49245,126.5168,18.53133,32.64934,56.42659,0.2,0.2,-0.09999999,0.4,0.3,0,1.490116E-08,-0.09999999,1.490116E-08,0
Shupemug,Red_River_Hog,69,23,Tropical Rainforest,10.73083,846.9846,21.46166,846.9846,42.22743,281,772.075,299.9287,52.59955,74.43546,54.69344,141.1641,37.77084,13.84017,48.85268,0,0.2,0,0.3,0.3,0,-0.09999999,0.2,0,1.490116E-08
Bluveemug,Red_River_Hog,7,18,Tropical Rainforest,9.26295,772.8245,18.5259,772.8245,30.43353,281,626.0961,58.01378,73.84624,65.77554,48.60841,128.8041,36.18665,22.12591,20.6423,0,1.490116E-08,0.2,0.3,0.3,0,0.1,0,0,0
Shupemug,Red_River_Hog,72,20,Tropical Rainforest,10.73083,846.9846,21.46166,846.9846,42.22743,280,772.075,299.9287,52.59955,74.43546,54.69344,141.1641,37.77084,13.84017,48.85268,0,0.2,0,0.3,0.3,0,-0.09999999,0.2,0,1.490116E-08
Maeglydact,Red_River_Hog,9,18,Tropical Rainforest,9.26295,772.8245,18.5259,772.8245,30.43353,279,626.0961,69.81319,73.84624,65.77554,48.60841,128.8041,36.18665,15.7094,40.0657,0,1.490116E-08,0.2,0.3,0.3,0,0.1,0,0,0
Fleetudite,American_Badger,3,32,Tropical Rainforest,7.454816,797.0555,14.90963,797.0555,77.72746,279,1016.146,96.83045,35.90112,93.27776,76.49245,132.8426,27.82482,34.96744,59.24792,-0.09999999,0.3,-0.09999999,0.3,0.4,0,1.490116E-08,1.490116E-08,1.490116E-08,0.1
Wetydite,Red_River_Hog,71,28,Tropical Rainforest,10.27305,779.2258,20.54609,779.2258,43.44298,278,751.1313,299.9287,56.61816,74.43546,57.83673,129.871,43.41476,16.193,48.85268,0,-0.09999999,0,0.5,0.5,0,-0.09999999,0,0,0.1
Trepidact,American_Badger,71,32,Tropical Rainforest,7.279603,537.6658,14.55921,537.6658,27.52491,269,475.907,299.9287,33.3902,51.36047,57.83673,89.61097,43.41476,7.825413,48.85268,0,-0.09999999,0,0.5,0.5,0,-0.09999999,0,0,0.1
Thossoumug,Red_River_Hog,56,24,Tropical Rainforest,11.62507,846.9846,23.25014,846.9846,47.22063,268,816.447,275.9344,52.59955,74.43546,57.83673,141.1641,37.77084,13.84017,48.85268,0.1,0.1,0,0.3,0.2,0.2,-0.09999999,0.1,0.1,-0.09999999
Tordutite,Red_River_Hog,61,21,Tropical Rainforest,10.73083,846.9846,21.46166,846.9846,42.22743,265,772.075,320.9238,56.28152,74.43546,54.69344,141.1641,37.77084,13.84017,48.85268,0,0.2,0,0.3,0.3,0,-0.09999999,0.2,0,1.490116E-08
Shupemug,Red_River_Hog,62,20,Tropical Rainforest,10.73083,846.9846,21.46166,846.9846,42.22743,259,772.075,299.9287,52.59955,74.43546,54.69344,141.1641,37.77084,13.84017,48.85268,0,0.2,0,0.3,0.3,0,-0.09999999,0.2,0,1.490116E-08
Spaerdytite,American_Badger,9,30,Tropical Rainforest,6.68712,759.1005,13.37424,759.1005,74.02616,259,967.7577,111.2994,35.90112,76.58273,76.49245,126.5168,27.82482,32.64934,56.42659,-0.09999999,0.3,-0.09999999,0.3,0.4,0,1.490116E-08,1.490116E-08,1.490116E-08,0.1
Glouzucite,Red_River_Hog,64,29,Tropical Rainforest,9.53387,736.8766,19.06774,736.8766,48.53727,258,772.0749,299.9287,52.59955,62.81609,62.86602,122.8128,43.41476,11.67972,48.85268,0,-0.09999999,0,0.5,0.5,0,-0.09999999,0,0,0.1
Shupemug,Red_River_Hog,72,19,Tropical Rainforest,10.73083,846.9846,21.46166,846.9846,42.22743,257,772.075,299.9287,52.59955,74.43546,54.69344,141.1641,37.77084,13.84017,48.85268,0,0.2,0,0.3,0.3,0,-0.09999999,0.2,0,1.490116E-08
Chiwoumite,Red_River_Hog,74,33,Tropical Rainforest,10.27305,779.2258,20.54609,779.2258,43.44298,256,751.1313,299.9287,48.39159,74.43546,57.83673,129.871,43.41476,13.84017,48.85268,0,-0.09999999,0,0.5,0.5,0,-0.09999999,0,0,0.1
Sirpamug,American_Badger,11,24,Tropical Rainforest,7.997221,759.1005,15.99444,759.1005,74.02616,256,967.7577,132.4463,35.90112,76.58273,76.49245,126.5168,33.11153,38.85271,56.42659,-0.09999999,0.3,-0.09999999,0.3,0.4,0,1.490116E-08,1.490116E-08,1.490116E-08,0.1
Flawoutite,American_Badger,9,28,Tropical Rainforest,7.431766,759.1005,14.86353,759.1005,171.1876,253,1471.669,111.2994,35.90112,76.58273,116.3221,126.5168,30.88555,32.64934,56.42659,-0.09999999,0.3,-0.09999999,0.3,0.4,0,1.490116E-08,1.490116E-08,1.490116E-08,0.1
Clerfaemite,Red_River_Hog,71,16,Tropical Rainforest,10.936,846.9846,21.872,846.9846,43.0762,252,779.7957,302.928,52.59955,74.43546,55.24037,141.1641,43.41476,13.84017,48.85268,0,-0.09999999,0,0.5,0.5,0,-0.09999999,0,0,0.1
Bluveemug,Red_River_Hog,5,20,Tropical Rainforest,9.26295,772.8245,18.5259,772.8245,30.43353,249,626.0961,58.01378,73.84624,65.77554,48.60841,128.8041,36.18665,22.12591,20.6423,0,1.490116E-08,0.2,0.3,0.3,0,0.1,0,0,0
Bluveemug,Red_River_Hog,5,20,Tropical Rainforest,9.26295,772.8245,18.5259,772.8245,30.43353,247,626.0961,58.01378,73.84624,65.77554,48.60841,128.8041,36.18665,22.12591,20.6423,0,1.490116E-08,0.2,0.3,0.3,0,0.1,0,0,0
Shupemug,Red_River_Hog,66,21,Tropical Rainforest,10.73083,846.9846,21.46166,846.9846,42.22743,243,772.075,299.9287,52.59955,74.43546,54.69344,141.1641,37.77084,13.84017,48.85268,0,0.2,0,0.3,0.3,0,-0.09999999,0.2,0,1.490116E-08
Fleetudite,American_Badger,4,32,Tropical Rainforest,7.454816,797.0555,14.90963,797.0555,77.72746,242,1016.146,96.83045,35.90112,93.27776,76.49245,132.8426,27.82482,34.96744,59.24792,-0.09999999,0.3,-0.09999999,0.3,0.4,0,1.490116E-08,1.490116E-08,1.490116E-08,0.1
Chaeggeadile,American_Badger,12,30,Tropical Rainforest,6.886338,759.1005,13.77268,759.1005,74.02616,241,967.7577,111.2994,36.97815,76.58273,76.49245,126.5168,28.65956,32.64934,56.42659,-0.09999999,0.3,-0.09999999,0.3,0.4,0,1.490116E-08,1.490116E-08,1.490116E-08,0.1
Shupemug,Red_River_Hog,71,15,Tropical Rainforest,10.73083,846.9846,21.46166,846.9846,42.22743,241,772.075,299.9287,52.59955,74.43546,54.69344,141.1641,37.77084,13.84017,48.85268,0,0.2,0,0.3,0.3,0,-0.09999999,0.2,0,1.490116E-08
Bloobeemite,Red_River_Hog,9,19,Tropical Rainforest,7.308827,772.8245,14.61765,772.8245,30.43353,237,626.0961,98.32845,73.84624,65.77554,48.60841,128.8041,22.43572,22.12591,34.98695,0,-0.09999999,0.2,0.4,1.490116E-08,0.1,0.2,0,0,0.1
Chiwoumite,Red_River_Hog,67,27,Tropical Rainforest,10.27305,779.2258,20.54609,779.2258,43.44298,226,751.1313,299.9287,48.39159,74.43546,57.83673,129.871,43.41476,13.84017,48.85268,0,-0.09999999,0,0.5,0.5,0,-0.09999999,0,0,0.1
Fleetudite,American_Badger,17,22,Tropical Rainforest,7.454816,797.0555,14.90963,797.0555,77.72746,217,1016.146,96.83045,35.90112,93.27776,76.49245,132.8426,27.82482,34.96744,59.24792,-0.09999999,0.3,-0.09999999,0.3,0.4,0,1.490116E-08,1.490116E-08,1.490116E-08,0.1
Tobitite,Red_River_Hog,11,19,Tropical Rainforest,9.544957,772.8245,19.08991,772.8245,30.43353,214,626.0961,111.2291,106.9246,74.40529,48.60841,128.8041,36.18665,15.7094,40.0657,0,1.490116E-08,0.2,0.3,0.3,0,0.1,0,0,0
Blirvydact,Red_River_Hog,68,25,Tropical Rainforest,9.313066,846.9846,18.62613,846.9846,37.16014,212,772.075,299.9287,52.59955,74.43546,48.13022,141.1641,33.23834,13.84017,48.85268,0,0.2,0,0.3,0.3,0,-0.09999999,0.2,0,1.490116E-08
Flywisaur,European_Badger,61,24,Tropical Rainforest,6.839653,508.1907,13.67931,508.1907,33.47398,210,532.4655,299.9287,31.55973,44.66128,62.86602,84.69846,43.41476,13.84017,48.85268,0,-0.09999999,0,0.5,0.5,0,-0.09999999,0,0,0.1
Spaerdytite,American_Badger,14,28,Tropical Rainforest,6.68712,759.1005,13.37424,759.1005,74.02616,209,967.7577,111.2994,35.90112,76.58273,76.49245,126.5168,27.82482,32.64934,56.42659,-0.09999999,0.3,-0.09999999,0.3,0.4,0,1.490116E-08,1.490116E-08,1.490116E-08,0.1
Shoxoudact,Red_River_Hog,71,16,Tropical Rainforest,9.964344,846.9846,19.92869,846.9846,42.22743,208,772.075,299.9287,45.23561,74.43546,54.69344,141.1641,37.77084,13.84017,42.01331,0,0.1,0.1,1.490116E-08,0.4,0,0.1,0.2,0.1,-0.09999999
Glyfadile,Pygmy_Hog,3,23,Tropical Rainforest,6.349984,438.4233,12.69997,438.4233,17.26494,207,355.1843,98.32845,89.35395,79.58841,48.60841,73.07056,36.18665,22.12591,32.01307,0,1.490116E-08,0.2,0.3,0.3,0,0.1,0,0,0
Spaerdytite,American_Badger,13,25,Tropical Rainforest,6.68712,759.1005,13.37424,759.1005,74.02616,200,967.7577,111.2994,35.90112,76.58273,76.49245,126.5168,27.82482,32.64934,56.42659,-0.09999999,0.3,-0.09999999,0.3,0.4,0,1.490116E-08,1.490116E-08,1.490116E-08,0.1
Shupemug,Red_River_Hog,66,27,Tropical Rainforest,10.73083,846.9846,21.46166,846.9846,42.22743,196,772.075,299.9287,52.59955,74.43546,54.69344,141.1641,37.77084,13.84017,48.85268,0,0.2,0,0.3,0.3,0,-0.09999999,0.2,0,1.490116E-08
Shupemug,Red_River_Hog,69,20,Tropical Rainforest,10.73083,846.9846,21.46166,846.9846,42.22743,194,772.075,299.9287,52.59955,74.43546,54.69344,141.1641,37.77084,13.84017,48.85268,0,0.2,0,0.3,0.3,0,-0.09999999,0.2,0,1.490116E-08
Shupemug,Red_River_Hog,69,21,Tropical Rainforest,10.73083,846.9846,21.46166,846.9846,42.22743,189,772.075,299.9287,52.59955,74.43546,54.69344,141.1641,37.77084,13.84017,48.85268,0,0.2,0,0.3,0.3,0,-0.09999999,0.2,0,1.490116E-08
Gladysaur,Red_River_Hog,8,25,Tropical Rainforest,9.26295,772.8245,18.5259,772.8245,30.43353,189,626.0961,111.1111,73.84624,65.77554,48.60841,128.8041,36.18665,29.2062,63.76655,0,1.490116E-08,0.2,0.3,0.3,0,0.1,0,0,0
Couglymite,American_Badger,3,17,Tropical Rainforest,15.4165,772.8245,30.83301,772.8245,30.43353,188,626.0961,127.1583,95.49796,80.24616,48.60841,128.8041,46.68077,22.12591,72.79543,0,0.2,0.2,1.490116E-08,0.1,0,0.2,0.1,0,0.1
Thoozomite,American_Badger,71,29,Tropical Rainforest,10.27305,779.2258,20.54609,779.2258,56.4585,188,856.2897,341.9188,48.39159,74.43546,65.93388,129.871,43.41476,13.84017,48.85268,0,-0.09999999,0,0.5,0.5,0,-0.09999999,0,0,0.1
Bloobeemite,Red_River_Hog,5,23,Tropical Rainforest,7.308827,772.8245,14.61765,772.8245,30.43353,186,626.0961,98.32845,73.84624,65.77554,48.60841,128.8041,22.43572,22.12591,34.98695,0,-0.09999999,0.2,0.4,1.490116E-08,0.1,0.2,0,0,0.1
Shupemug,Red_River_Hog,64,23,Tropical Rainforest,10.73083,846.9846,21.46166,846.9846,42.22743,186,772.075,299.9287,52.59955,74.43546,54.69344,141.1641,37.77084,13.84017,48.85268,0,0.2,0,0.3,0.3,0,-0.09999999,0.2,0,1.490116E-08
Chiwoumite,Red_River_Hog,73,32,Tropical Rainforest,10.27305,779.2258,20.54609,779.2258,43.44298,178,751.1313,299.9287,48.39159,74.43546,57.83673,129.871,43.41476,13.84017,48.85268,0,-0.09999999,0,0.5,0.5,0,-0.09999999,0,0,0.1
Clerfaemite,Red_River_Hog,69,21,Tropical Rainforest,10.936,846.9846,21.872,846.9846,43.0762,177,779.7957,302.928,52.59955,74.43546,55.24037,141.1641,43.41476,13.84017,48.85268,0,-0.09999999,0,0.5,0.5,0,-0.09999999,0,0,0.1
Clerfaemite,Red_River_Hog,68,21,Tropical Rainforest,10.936,846.9846,21.872,846.9846,43.0762,174,779.7957,302.928,52.59955,74.43546,55.24037,141.1641,43.41476,13.84017,48.85268,0,-0.09999999,0,0.5,0.5,0,-0.09999999,0,0,0.1
Weketite,Red_River_Hog,61,24,Tropical Rainforest,10.936,846.9846,21.872,846.9846,55.78997,167,887.4424,299.9287,52.59955,74.43546,62.86602,141.1641,43.41476,13.84017,48.85268,0,-0.09999999,0,0.5,0.5,0,-0.09999999,0,0,0.1
Chewoodact,Pygmy_Hog,73,31,Tropical Rainforest,13.37732,779.2258,26.75464,779.2258,43.44298,163,751.1313,299.9287,56.61816,74.43546,57.83673,129.871,53.8343,16.193,60.57733,0,-0.09999999,0,0.5,0.5,0,-0.09999999,0,0,0.1
Trooxidite,Red_River_Hog,9,18,Tropical Rainforest,9.598866,772.8245,19.19773,772.8245,55.38784,163,895.3174,140.6097,65.72315,65.77554,61.86391,128.8041,32.20612,22.12591,56.43057,0.1,0.1,0.4,0.1,0.1,0,-0.09999999,0,0.1,0.1
Shupemug,Red_River_Hog,69,23,Tropical Rainforest,10.73083,846.9846,21.46166,846.9846,42.22743,159,772.075,299.9287,52.59955,74.43546,54.69344,141.1641,37.77084,13.84017,48.85268,0,0.2,0,0.3,0.3,0,-0.09999999,0.2,0,1.490116E-08
Clurpadite,Red_River_Hog,74,28,Tropical Rainforest,6.793486,779.2258,13.58697,779.2258,43.44298,158,751.1313,206.9508,48.39159,74.43546,57.83673,129.871,29.95618,9.549717,48.85268,0,-0.09999999,0,0.5,0.5,0,-0.09999999,0,0,0.1
Chiwoumite,Red_River_Hog,71,30,Tropical Rainforest,10.27305,779.2258,20.54609,779.2258,43.44298,154,751.1313,299.9287,48.39159,74.43546,57.83673,129.871,43.41476,13.84017,48.85268,0,-0.09999999,0,0.5,0.5,0,-0.09999999,0,0,0.1
Pourgudact,Red_River_Hog,66,32,Tropical Rainforest,13.00073,736.8766,26.00146,736.8766,48.53727,153,772.0749,299.9287,52.59955,62.81609,62.86602,122.8128,43.41476,11.67972,38.10509,0,-0.09999999,0.1,0.5,0.1,0.1,1.490116E-08,0,0,0.2
Tufeecite,American_Badger,10,26,Tropical Rainforest,5.718249,759.1005,11.4365,759.1005,74.02616,153,967.7577,111.2994,35.90112,76.58273,76.49245,126.5168,23.56762,39.5057,50.18299,-0.09999999,0.3,-0.09999999,0.3,0.4,0,1.490116E-08,1.490116E-08,1.490116E-08,0.1
Fleetudite,American_Badger,13,22,Tropical Rainforest,7.454816,797.0555,14.90963,797.0555,77.72746,146,1016.146,96.83045,35.90112,93.27776,76.49245,132.8426,27.82482,34.96744,59.24792,-0.09999999,0.3,-0.09999999,0.3,0.4,0,1.490116E-08,1.490116E-08,1.490116E-08,0.1
Maeglydact,Red_River_Hog,11,20,Tropical Rainforest,9.26295,772.8245,18.5259,772.8245,30.43353,144,626.0961,69.81319,73.84624,65.77554,48.60841,128.8041,36.18665,15.7094,40.0657,0,1.490116E-08,0.2,0.3,0.3,0,0.1,0,0,0
Thoozomite,American_Badger,73,31,Tropical Rainforest,10.27305,779.2258,20.54609,779.2258,56.4585,142,856.2897,341.9188,48.39159,74.43546,65.93388,129.871,43.41476,13.84017,48.85268,0,-0.09999999,0,0.5,0.5,0,-0.09999999,0,0,0.1
Shupemug,Red_River_Hog,63,22,Tropical Rainforest,10.73083,846.9846,21.46166,846.9846,42.22743,137,772.075,299.9287,52.59955,74.43546,54.69344,141.1641,37.77084,13.84017,48.85268,0,0.2,0,0.3,0.3,0,-0.09999999,0.2,0,1.490116E-08
Peegudile,Pygmy_Hog,74,32,Tropical Rainforest,14.06495,779.2258,28.1299,779.2258,43.44298,134,751.1313,386.9081,48.39159,74.43546,57.83673,129.871,56.00504,13.84017,48.85268,0,-0.09999999,0,0.5,0.5,0,-0.09999999,0,0,0.1
Flawoutite,American_Badger,12,29,Tropical Rainforest,4.76019,613.3798,9.52038,613.3798,171.1876,134,1471.669,111.2994,35.90112,76.58273,116.3221,126.5168,30.88555,32.64934,56.42659,-0.09999999,0.3,-0.09999999,0.3,0.4,0,1.490116E-08,1.490116E-08,1.490116E-08,0.1
Bluveemug,Red_River_Hog,5,18,Tropical Rainforest,9.26295,772.8245,18.5259,772.8245,30.43353,133,626.0961,58.01378,73.84624,65.77554,48.60841,128.8041,36.18665,22.12591,20.6423,0,1.490116E-08,0.2,0.3,0.3,0,0.1,0,0,0
Wosutite,Red_River_Hog,58,22,Tropical Rainforest,17.4403,846.9846,34.8806,846.9846,42.22743,133,772.075,299.9287,52.59955,88.57821,54.69344,141.1641,51.66357,13.84017,48.85268,0,0.4,0,0.2,0.2,0,-0.09999999,-0.09999999,0.3,1.490116E-08
Coosamite,Red_River_Hog,5,20,Tropical Rainforest,9.26295,772.8245,18.5259,772.8245,30.43353,131,626.0961,104.2281,78.27701,65.77554,48.60841,128.8041,36.18665,22.12591,59.8164,0,1.490116E-08,0.2,0.3,0.3,0,0.1,0,0,0
Tazesaur,Pygmy_Hog,73,28,Tropical Rainforest,12.82277,787.0181,25.64554,787.0181,52.81602,128,766.229,299.9287,48.39159,74.43546,68.92982,131.1697,51.74171,13.84017,48.85268,0,-0.09999999,0,0.5,0.5,0,-0.09999999,0,0,0.1
Shupemug,Red_River_Hog,72,20,Tropical Rainforest,10.73083,846.9846,21.46166,846.9846,42.22743,123,772.075,299.9287,52.59955,74.43546,54.69344,141.1641,37.77084,13.84017,48.85268,0,0.2,0,0.3,0.3,0,-0.09999999,0.2,0,1.490116E-08
Waedomite,Red_River_Hog,3,17,Tropical Rainforest,14.9892,834.6505,29.9784,834.6505,30.43353,111,626.0961,98.32845,73.84624,65.77554,48.60841,139.1084,44.87144,23.89598,69.97391,0.1,1.490116E-08,0.1,0.5,0.1,0,-0.09999999,0.1,0.1,0
Bloobeemite,Red_River_Hog,8,19,Tropical Rainforest,7.308827,772.8245,14.61765,772.8245,30.43353,104,626.0961,98.32845,73.84624,65.77554,48.60841,128.8041,22.43572,22.12591,34.98695,0,-0.09999999,0.2,0.4,1.490116E-08,0.1,0.2,0,0,0.1
Pourgudact,Red_River_Hog,66,31,Tropical Rainforest,13.00073,736.8766,26.00146,736.8766,48.53727,99,772.0749,299.9287,52.59955,62.81609,62.86602,122.8128,43.41476,11.67972,38.10509,0,-0.09999999,0.1,0.5,0.1,0.1,1.490116E-08,0,0,0.2
Shupemug,Red_River_Hog,64,22,Tropical Rainforest,10.73083,846.9846,21.46166,846.9846,42.22743,97,772.075,299.9287,52.59955,74.43546,54.69344,141.1641,37.77084,13.84017,48.85268,0,0.2,0,0.3,0.3,0,-0.09999999,0.2,0,1.490116E-08
Tobitite,Red_River_Hog,10,20,Tropical Rainforest,9.544957,772.8245,19.08991,772.8245,30.43353,93,626.0961,111.2291,106.9246,74.40529,48.60841,128.8041,36.18665,15.7094,40.0657,0,1.490116E-08,0.2,0.3,0.3,0,0.1,0,0,0
Shupemug,Red_River_Hog,71,17,Tropical Rainforest,10.73083,846.9846,21.46166,846.9846,42.22743,93,772.075,299.9287,52.59955,74.43546,54.69344,141.1641,37.77084,13.84017,48.85268,0,0.2,0,0.3,0.3,0,-0.09999999,0.2,0,1.490116E-08
Shupemug,Red_River_Hog,72,17,Tropical Rainforest,10.73083,846.9846,21.46166,846.9846,42.22743,92,772.075,299.9287,52.59955,74.43546,54.69344,141.1641,37.77084,13.84017,48.85268,0,0.2,0,0.3,0.3,0,-0.09999999,0.2,0,1.490116E-08
Trouggaemite,Red_River_Hog,60,19,Tropical Rainforest,10.75689,846.9846,21.51377,846.9846,42.22743,91,772.075,302.928,52.59955,75.17982,54.69344,141.1641,37.77084,13.84017,48.85268,0,0.2,0,0.3,0.3,0,-0.09999999,0.2,0,1.490116E-08
Ceapydile,American_Badger,9,20,Tropical Rainforest,10.2087,772.8245,20.41741,772.8245,30.43353,88,626.0961,141.593,73.84624,94.71679,48.60841,128.8041,36.18665,22.12591,56.43057,0,1.490116E-08,0.2,0.3,0.3,0,0.1,0,0,0
Thossoumug,Red_River_Hog,58,23,Tropical Rainforest,11.62507,846.9846,23.25014,846.9846,47.22063,88,816.447,275.9344,52.59955,74.43546,57.83673,141.1641,37.77084,13.84017,48.85268,0.1,0.1,0,0.3,0.2,0.2,-0.09999999,0.1,0.1,-0.09999999
Surtydile,American_Badger,10,32,Tropical Rainforest,2.952332,511.1336,5.904665,511.1336,136.9188,87,1316.151,111.2994,35.90112,76.58273,104.0297,126.5168,27.82482,32.64934,76.74017,-0.09999999,0.3,-0.09999999,0.3,0.4,0,1.490116E-08,1.490116E-08,1.490116E-08,0.1
Ceawadact,American_Badger,11,33,Temperate Rainforest,1.362617,334.8815,2.725233,334.8815,205.4252,72,1471.669,133.5592,35.90112,76.58273,139.5865,126.5168,30.88555,39.17921,56.42659,-0.09999999,0.3,-0.09999999,0.3,0.4,0,1.490116E-08,1.490116E-08,1.490116E-08,0.1
Spapatite,Red_River_Hog,5,21,Tropical Rainforest,10.03486,772.8245,20.06972,772.8245,25.20201,71,569.7474,98.32845,73.84624,65.77554,44.23365,128.8041,36.18665,22.12591,56.43057,0.2,1.490116E-08,0.3,0.1,0.2,0.1,-0.09999999,0.1,0,0
Flywisaur,European_Badger,61,26,Tropical Rainforest,6.839653,508.1907,13.67931,508.1907,33.47398,68,532.4655,299.9287,31.55973,44.66128,62.86602,84.69846,43.41476,13.84017,48.85268,0,-0.09999999,0,0.5,0.5,0,-0.09999999,0,0,0.1
Surtydile,American_Badger,16,32,Tropical Savanna,1.849514,406.8177,3.699027,406.8177,136.9188,66,1316.151,111.2994,35.90112,76.58273,104.0297,126.5168,27.82482,32.64934,76.74017,-0.09999999,0.3,-0.09999999,0.3,0.4,0,1.490116E-08,1.490116E-08,1.490116E-08,0.1
Shupemug,Red_River_Hog,74,17,Tropical Rainforest,10.73083,846.9846,21.46166,846.9846,42.22743,65,772.075,299.9287,52.59955,74.43546,54.69344,141.1641,37.77084,13.84017,48.85268,0,0.2,0,0.3,0.3,0,-0.09999999,0.2,0,1.490116E-08
Shupemug,Red_River_Hog,66,18,Tropical Rainforest,10.73083,846.9846,21.46166,846.9846,42.22743,63,772.075,299.9287,52.59955,74.43546,54.69344,141.1641,37.77084,13.84017,48.85268,0,0.2,0,0.3,0.3,0,-0.09999999,0.2,0,1.490116E-08
Bluveemug,Red_River_Hog,3,22,Tropical Rainforest,9.26295,772.8245,18.5259,772.8245,30.43353,60,626.0961,58.01378,73.84624,65.77554,48.60841,128.8041,36.18665,22.12591,20.6423,0,1.490116E-08,0.2,0.3,0.3,0,0.1,0,0,0
Clerfaemite,Red_River_Hog,71,20,Tropical Rainforest,10.936,846.9846,21.872,846.9846,43.0762,56,779.7957,302.928,52.59955,74.43546,55.24037,141.1641,43.41476,13.84017,48.85268,0,-0.09999999,0,0.5,0.5,0,-0.09999999,0,0,0.1
Chiwoumite,Red_River_Hog,72,32,Tropical Rainforest,10.27305,779.2258,20.54609,779.2258,43.44298,50,751.1313,299.9287,48.39159,74.43546,57.83673,129.871,43.41476,13.84017,48.85268,0,-0.09999999,0,0.5,0.5,0,-0.09999999,0,0,0.1
Pourgudact,Red_River_Hog,67,30,Tropical Rainforest,12.18177,715.0052,24.36355,715.0052,48.53727,47,772.0749,299.9287,52.59955,62.81609,62.86602,122.8128,43.41476,11.67972,38.10509,0,-0.09999999,0.1,0.5,0.1,0.1,1.490116E-08,0,0,0.2
Wertousaur,European_Badger,9,31,Tropical Rainforest,2.494706,301.8961,4.989413,301.8961,74.02616,47,967.7577,111.2994,21.54067,131.5216,76.49245,75.91006,27.82482,32.64934,56.42659,-0.09999999,0.3,-0.09999999,0.3,0.4,0,1.490116E-08,1.490116E-08,1.490116E-08,0.1
Cyrkaecite,Red_River_Hog,69,20,Tropical Rainforest,10.62537,846.5251,21.25073,846.5251,43.93772,43,779.7957,308.9866,52.59955,74.43546,56.34517,143.9874,43.41476,13.84017,48.85268,0,-0.09999999,0,0.5,0.5,0,-0.09999999,0,0,0.1
Shupemug,Red_River_Hog,68,29,Tropical Rainforest,10.61488,842.6724,21.22977,842.6724,42.22743,42,772.075,299.9287,52.59955,74.43546,54.69344,141.1641,37.77084,13.84017,48.85268,0,0.2,0,0.3,0.3,0,-0.09999999,0.2,0,1.490116E-08
Sourpeasaur,Red_River_Hog,74,30,Tropical Rainforest,9.595452,754.8406,19.1909,754.8406,43.44298,42,751.1313,428.8981,69.19997,74.43546,57.83673,129.871,43.41476,13.84017,48.85268,0,-0.09999999,0.2,0.3,0.5,0,1.490116E-08,0,0,1.490116E-08
Trepidact,American_Badger,74,30,Tropical Rainforest,7.279603,537.6658,14.55921,537.6658,29.97566,41,518.2806,299.9287,33.3902,51.36047,57.83673,89.61097,43.41476,7.825413,48.85268,0,-0.09999999,0,0.5,0.5,0,-0.09999999,0,0,0.1
Thoozomite,American_Badger,72,35,Tropical Rainforest,5.203294,567.0469,10.40659,567.0469,56.4585,40,856.2897,341.9188,48.39159,74.43546,65.93388,129.871,43.41476,13.84017,48.85268,0,-0.09999999,0,0.5,0.5,0,-0.09999999,0,0,0.1
Fleetudite,American_Badger,5,27,Tropical Rainforest,2.030443,420.8325,4.060885,420.8325,77.72746,38,1016.146,96.83045,35.90112,93.27776,76.49245,132.8426,27.82482,34.96744,59.24792,-0.09999999,0.3,-0.09999999,0.3,0.4,0,1.490116E-08,1.490116E-08,1.490116E-08,0.1
Glaerpoodile,Red_River_Hog,11,20,Tropical Rainforest,10.05815,772.8245,20.1163,772.8245,25.20201,36,569.7474,98.32845,74.5847,66.4333,44.23365,128.8041,36.18665,22.34717,56.43057,0.2,1.490116E-08,0.3,0.1,0.2,0.1,-0.09999999,0.1,0,0
Sourpeasaur,Red_River_Hog,74,32,Tropical Rainforest,7.044493,653.4445,14.08899,653.4445,43.44298,36,751.1313,428.8981,69.19997,74.43546,57.83673,129.871,43.41476,13.84017,48.85268,0,-0.09999999,0.2,0.3,0.5,0,1.490116E-08,0,0,1.490116E-08
Bluveemug,Red_River_Hog,6,18,Tropical Rainforest,9.26295,772.8245,18.5259,772.8245,30.43353,35,626.0961,58.01378,73.84624,65.77554,48.60841,128.8041,36.18665,22.12591,20.6423,0,1.490116E-08,0.2,0.3,0.3,0,0.1,0,0,0
Glisseetite,Red_River_Hog,73,16,Tropical Rainforest,4.34564,552.7897,8.69128,552.7897,42.22743,34,772.075,299.9287,52.59955,59.54837,54.69344,112.9313,30.21667,13.84017,48.85268,0,0.2,0,0.3,0.3,0,-0.09999999,0.2,0,1.490116E-08
Shupemug,Red_River_Hog,70,19,Tropical Rainforest,5.445315,615.1444,10.89063,615.1444,42.22743,30,772.075,299.9287,52.59955,74.43546,54.69344,141.1641,37.77084,13.84017,48.85268,0,0.2,0,0.3,0.3,0,-0.09999999,0.2,0,1.490116E-08
Glorfeacite,Red_River_Hog,4,24,Tropical Rainforest,8.919692,930.2521,17.83938,930.2521,30.43353,25,626.0961,111.1111,107.077,65.77554,48.60841,186.7659,36.18665,29.2062,63.76655,0,-0.09999999,0.4,0.2,0.2,0.1,-0.09999999,0,0.1,0.1
Glyfadile,Pygmy_Hog,4,25,Tropical Rainforest,6.349984,438.4233,12.69997,438.4233,17.26494,24,355.1843,98.32845,89.35395,79.58841,48.60841,73.07056,36.18665,22.12591,32.01307,0,1.490116E-08,0.2,0.3,0.3,0,0.1,0,0,0
Spourdasaur,Red_River_Hog,58,22,Tropical Rainforest,3.080562,446.6348,6.161123,446.6348,48.22663,24,816.447,275.9344,60.78405,80.3903,59.06891,141.1641,37.77084,13.84017,48.85268,0.1,0.1,0,0.3,0.2,0.2,-0.09999999,0.1,0.1,-0.09999999
Chewoodact,Pygmy_Hog,73,32,Tropical Rainforest,3.46473,416.8536,6.929459,416.8536,43.44298,22,751.1313,299.9287,56.61816,74.43546,57.83673,129.871,53.8343,16.193,60.57733,0,-0.09999999,0,0.5,0.5,0,-0.09999999,0,0,0.1
Trispoomite,Red_River_Hog,69,22,Tropical Rainforest,4.009824,559.2194,8.019649,559.2194,43.0762,21,779.7957,302.928,52.59955,74.43546,55.24037,180.69,43.41476,13.84017,48.85268,0,-0.09999999,0,0.5,0.2,0,0.1,0.1,0,0.1
Surtimite,Red_River_Hog,5,25,Tropical Rainforest,1.332492,284.8181,2.664985,284.8181,62.23353,20,895.3174,140.6097,73.84624,65.77554,69.51002,128.8041,36.18665,22.12591,56.43057,0.1,0.1,0.4,0.1,0.1,0,-0.09999999,0,0.1,0.1
Purpydact,American_Badger,63,24,Tropical Rainforest,3.75489,403.8097,7.50978,403.8097,29.72257,20,538.059,302.928,36.29369,74.43546,55.24037,97.40322,43.41476,9.549717,48.85268,0,-0.09999999,0,0.5,0.5,0,-0.09999999,0,0,0.1
Maeglydact,Red_River_Hog,9,20,Tropical Rainforest,3.258996,472.4366,6.517992,472.4366,30.43353,18,626.0961,69.81319,73.84624,65.77554,48.60841,128.8041,36.18665,15.7094,40.0657,0,1.490116E-08,0.2,0.3,0.3,0,0.1,0,0,0
Wetydite,Red_River_Hog,71,28,Tropical Rainforest,1.675966,332.3568,3.351931,332.3568,43.44298,17,751.1313,299.9287,56.61816,74.43546,57.83673,129.871,43.41476,16.193,48.85268,0,-0.09999999,0,0.5,0.5,0,-0.09999999,0,0,0.1
Shupemug,Red_River_Hog,67,23,Tropical Rainforest,1.664324,349.6951,3.328649,349.6951,42.22743,16,772.075,299.9287,52.59955,74.43546,54.69344,141.1641,37.77084,13.84017,48.85268,0,0.2,0,0.3,0.3,0,-0.09999999,0.2,0,1.490116E-08
Tiweesaur,Red_River_Hog,71,30,Tropical Rainforest,0.6480596,211.5357,1.296119,211.5357,44.75934,10,766.229,299.9287,48.39159,74.43546,58.4151,131.1697,43.84891,13.84017,48.85268,0,-0.09999999,0,0.5,0.5,0,-0.09999999,0,0,0.1
Cloozymug,Red_River_Hog,6,20,Tropical Rainforest,0.8528017,271.0596,1.705603,271.0596,32.29631,10,651.3904,100.295,73.84624,65.77554,49.58057,131.3802,22.43572,22.12591,34.98695,0,-0.09999999,0.2,0.4,1.490116E-08,0.1,0.2,0,0,0.1
Shupemug,Red_River_Hog,72,17,Tropical Rainforest,0.5135821,198.0098,1.027164,198.0098,42.22743,8,772.075,299.9287,52.59955,74.43546,54.69344,141.1641,37.77084,13.84017,48.85268,0,0.2,0,0.3,0.3,0,-0.09999999,0.2,0,1.490116E-08
Purpydact,American_Badger,67,23,Tropical Rainforest,0.5495687,162.3177,1.099137,162.3177,29.72257,7,538.059,302.928,36.29369,74.43546,55.24037,97.40322,43.41476,9.549717,48.85268,0,-0.09999999,0,0.5,0.5,0,-0.09999999,0,0,0.1
Wosutite,Red_River_Hog,58,23,Tropical Rainforest,0.395739,141.1278,0.791478,141.1278,42.22743,5,772.075,299.9287,52.59955,88.57821,54.69344,141.1641,51.66357,13.84017,48.85268,0,0.4,0,0.2,0.2,0,-0.09999999,-0.09999999,0.3,1.490116E-08
